variant,mrna_stability
wild-type,-17.2
ATG476AAC,-17.2
ATG476AAG,-17.5
ATG476ACC,-17.2
ATG476ACG,-17.2
ATG476AGC,-19.5
ATG476AGG,-17.6
ATG476ATC,-17.2
ATG476ATG,-17.2
ATG476CAC,-17.2
ATG476CAG,-17.2
ATG476CCC,-17.2
ATG476CCG,-17.2
ATG476CGC,-19.2
ATG476CGG,-17.6
ATG476CTC,-17.2
ATG476CTG,-17.2
ATG476GAC,-17.2
ATG476GAG,-18.3
ATG476GCC,-18.2
ATG476GCG,-19.4
ATG476GGC,-20.3
ATG476GGG,-17.8
ATG476GTC,-17.2
ATG476GTG,-17.6
ATG476TAC,-17.2
ATG476TAG,-17.2
ATG476TCC,-17.2
ATG476TCG,-17.2
ATG476TGC,-18.9
ATG476TGG,-17.6
ATG476TTC,-17.2
ATG476TTG,-17.2
AAG477AAC,-14.4
AAG477AAG,-17.2
AAG477ACC,-14.4
AAG477ACG,-17.3
AAG477AGC,-16.9
AAG477AGG,-21
AAG477ATC,-14.4
AAG477ATG,-17
AAG477CAC,-15.3
AAG477CAG,-18.4
AAG477CCC,-15.3
AAG477CCG,-18.4
AAG477CGC,-16.5
AAG477CGG,-21.8
AAG477CTC,-16.7
AAG477CTG,-20.4
AAG477GAC,-16
AAG477GAG,-17.7
AAG477GCC,-17
AAG477GCG,-19.3
AAG477GGC,-16.9
AAG477GGG,-20.8
AAG477GTC,-16.5
AAG477GTG,-18
AAG477TAC,-14.4
AAG477TAG,-17.2
AAG477TCC,-14.4
AAG477TCG,-17.3
AAG477TGC,-15.3
AAG477TGG,-21.9
AAG477TTC,-14.4
AAG477TTG,-17.9
GTT478AAC,-11.9
GTT478AAG,-11.9
GTT478ACC,-11.9
GTT478ACG,-11.9
GTT478AGC,-12.7
GTT478AGG,-13.4
GTT478ATC,-13.2
GTT478ATG,-11.9
GTT478CAC,-13.2
GTT478CAG,-13.2
GTT478CCC,-13.2
GTT478CCG,-13.2
GTT478CGC,-14.4
GTT478CGG,-15.5
GTT478CTC,-15.5
GTT478CTG,-17.3
GTT478GAC,-12
GTT478GAG,-12
GTT478GCC,-12.9
GTT478GCG,-14.1
GTT478GGC,-15.5
GTT478GGG,-16.7
GTT478GTC,-18.4
GTT478GTG,-14
GTT478TAC,-11.9
GTT478TAG,-11.9
GTT478TCC,-13.4
GTT478TCG,-14.6
GTT478TGC,-12.6
GTT478TGG,-14
GTT478TTC,-14.2
GTT478TTG,-14.8
AAG479AAC,-10.2
AAG479AAG,-17.2
AAG479ACC,-10.2
AAG479ACG,-13.9
AAG479AGC,-11.1
AAG479AGG,-17.4
AAG479ATC,-11.6
AAG479ATG,-14.9
AAG479CAC,-11
AAG479CAG,-17.2
AAG479CCC,-11
AAG479CCG,-13.9
AAG479CGC,-13.3
AAG479CGG,-17.4
AAG479CTC,-13.4
AAG479CTG,-15.1
AAG479GAC,-11.4
AAG479GAG,-17.2
AAG479GCC,-11.4
AAG479GCG,-15.1
AAG479GGC,-13
AAG479GGG,-17.4
AAG479GTC,-13.2
AAG479GTG,-16.1
AAG479TAC,-14.2
AAG479TAG,-19.6
AAG479TCC,-11.5
AAG479TCG,-16
AAG479TGC,-13.9
AAG479TGG,-19.5
AAG479TTC,-12.5
AAG479TTG,-16
GCC480AAC,-10.4
GCC480AAG,-9
GCC480ACC,-10.4
GCC480ACG,-9.5
GCC480AGC,-14
GCC480AGG,-12.2
GCC480ATC,-12.5
GCC480ATG,-10.1
GCC480CAC,-14.3
GCC480CAG,-10.7
GCC480CCC,-10.6
GCC480CCG,-10.5
GCC480CGC,-13.7
GCC480CGG,-10.6
GCC480CTC,-15.4
GCC480CTG,-13.6
GCC480GAC,-13.6
GCC480GAG,-12.8
GCC480GCC,-17.2
GCC480GCG,-15
GCC480GGC,-15.8
GCC480GGG,-11.5
GCC480GTC,-15.3
GCC480GTG,-13.2
GCC480TAC,-12.8
GCC480TAG,-10.2
GCC480TCC,-13.8
GCC480TCG,-13.6
GCC480TGC,-15
GCC480TGG,-10.1
GCC480TTC,-12.9
GCC480TTG,-11.9
GAA481AAC,-12.9
GAA481AAG,-14.5
GAA481ACC,-12.9
GAA481ACG,-14.1
GAA481AGC,-14.7
GAA481AGG,-14.8
GAA481ATC,-12.9
GAA481ATG,-14.1
GAA481CAC,-12.9
GAA481CAG,-14.5
GAA481CCC,-12.9
GAA481CCG,-14.1
GAA481CGC,-15.5
GAA481CGG,-16.7
GAA481CTC,-12.9
GAA481CTG,-14.1
GAA481GAC,-17.2
GAA481GAG,-20.9
GAA481GCC,-15.2
GAA481GCG,-16.4
GAA481GGC,-16.8
GAA481GGG,-20.2
GAA481GTC,-16.2
GAA481GTG,-17.4
GAA481TAC,-12.9
GAA481TAG,-14.5
GAA481TCC,-13.7
GAA481TCG,-15.8
GAA481TGC,-14.7
GAA481TGG,-15.9
GAA481TTC,-12.9
GAA481TTG,-14.1
TTG482AAC,-17.7
TTG482AAG,-14.9
TTG482ACC,-17.7
TTG482ACG,-14.9
TTG482AGC,-18.9
TTG482AGG,-15.3
TTG482ATC,-19.7
TTG482ATG,-17.2
TTG482CAC,-17.7
TTG482CAG,-14.9
TTG482CCC,-17.7
TTG482CCG,-14.9
TTG482CGC,-18.9
TTG482CGG,-15.3
TTG482CTC,-19.7
TTG482CTG,-18.4
TTG482GAC,-17.8
TTG482GAG,-16
TTG482GCC,-17.8
TTG482GCG,-17
TTG482GGC,-18.9
TTG482GGG,-15.7
TTG482GTC,-23
TTG482GTG,-18.2
TTG482TAC,-17.7
TTG482TAG,-14.9
TTG482TCC,-18.4
TTG482TCG,-18.4
TTG482TGC,-18.9
TTG482TGG,-15.3
TTG482TTC,-19.7
TTG482TTG,-17.2
TGC483AAC,-14.5
TGC483AAG,-16.6
TGC483ACC,-14.3
TGC483ACG,-15.9
TGC483AGC,-16.4
TGC483AGG,-16.5
TGC483ATC,-14.3
TGC483ATG,-16.9
TGC483CAC,-17.1
TGC483CAG,-19.6
TGC483CCC,-17.1
TGC483CCG,-18.3
TGC483CGC,-19.3
TGC483CGG,-20.7
TGC483CTC,-17.1
TGC483CTG,-19.3
TGC483GAC,-17.4
TGC483GAG,-19.7
TGC483GCC,-17.3
TGC483GCG,-19.2
TGC483GGC,-17.1
TGC483GGG,-18.7
TGC483GTC,-15.9
TGC483GTG,-17.1
TGC483TAC,-15.3
TGC483TAG,-17.3
TGC483TCC,-15.7
TGC483TCG,-16.5
TGC483TGC,-17.2
TGC483TGG,-18.6
TGC483TTC,-15.3
TGC483TTG,-17.5
TTG484AAC,-16.6
TTG484AAG,-16.6
TTG484ACC,-16.6
TTG484ACG,-16.6
TTG484AGC,-16.6
TTG484AGG,-16.6
TTG484ATC,-16.7
TTG484ATG,-17.8
TTG484CAC,-15.7
TTG484CAG,-16.6
TTG484CCC,-15.7
TTG484CCG,-15.7
TTG484CGC,-15.7
TTG484CGG,-16.5
TTG484CTC,-15.7
TTG484CTG,-15.7
TTG484GAC,-20
TTG484GAG,-21.7
TTG484GCC,-17.3
TTG484GCG,-18.1
TTG484GGC,-19.1
TTG484GGG,-20.7
TTG484GTC,-17.5
TTG484GTG,-18.1
TTG484TAC,-16.1
TTG484TAG,-16.6
TTG484TCC,-16.1
TTG484TCG,-16.1
TTG484TGC,-17.9
TTG484TGG,-16.5
TTG484TTC,-16.1
TTG484TTG,-17.2
TAA485AAC,-16.9
TAA485AAG,-16.1
TAA485ACC,-16.1
TAA485ACG,-16.1
TAA485AGC,-17.1
TAA485AGG,-16.8
TAA485ATC,-16.1
TAA485ATG,-16.1
TAA485CAC,-19.3
TAA485CAG,-16.1
TAA485CCC,-16.1
TAA485CCG,-16.1
TAA485CGC,-18.7
TAA485CGG,-18.1
TAA485CTC,-16.1
TAA485CTG,-16.1
TAA485GAC,-16.3
TAA485GAG,-16.1
TAA485GCC,-16.1
TAA485GCG,-16.8
TAA485GGC,-16.4
TAA485GGG,-16.1
TAA485GTC,-16.1
TAA485GTG,-16.1
TAA485TAC,-18.4
TAA485TAG,-16.1
TAA485TCC,-16.1
TAA485TCG,-16.1
TAA485TGC,-17.8
TAA485TGG,-16.1
TAA485TTC,-16.1
TAA485TTG,-16.1
