position,location
5,Interface
6,Interface
7,Interface
8,Surface
9,Surface
10,Interface
11,Interface
12,Interface
13,Interface
14,Interface
15,Interface
16,Interface
17,Interface
18,Interface
19,Surface
20,Active Site
21,Active Site
22,Interior
23,Interior
24,Interface
25,Surface
26,Interior
27,Interface
28,Interface
29,Interior
30,Interface
31,Interface
32,Interface
33,Interface
34,Interior
35,Interface
36,Interior
37,Surface
38,Interior
39,Interior
40,Interior
41,Surface
42,Interior
43,Interior
44,Interior
45,Interior
46,Interior
47,Interior
48,Interior
49,Interior
50,Interior
51,Surface
52,Surface
53,Interior
54,Surface
55,Interior
56,Surface
57,Interior
58,Surface
59,Surface
60,Surface
61,Interior
62,Interior
63,Surface
64,Interior
65,Interior
66,Surface
67,Surface
68,Interior
69,Interior
70,Surface
71,Surface
72,Interior
73,Surface
74,Interface
75,Surface
76,Interior
77,Interior
78,Surface
79,Surface
80,Interior
81,Interface
82,Surface
83,Surface
84,Surface
85,Active Site
86,Active Site
87,Active Site
88,Interior
89,Surface
90,Interior
91,Interior
92,Interior
93,Surface
94,Interior
95,Interior
96,Interior
97,Surface
98,Interior
99,Interior
100,Surface
101,Surface
102,Interior
103,Surface
104,Surface
105,Interior
106,Interior
107,Interior
108,Interior
109,Interior
110,Interior
111,Active Site
112,Active Site
113,Interior
114,Interface
115,Interior
116,Surface
117,Interior
118,Interior
119,Interior
120,Interface
121,Interior
122,Interior
123,Interface
124,Interface
125,Interior
126,Surface
127,Interior
128,Interior
129,Surface
130,Interior
131,Interior
132,Interior
133,Interior
134,Interior
135,Interior
136,Interior
137,Interior
138,Interior
139,Interior
140,Interior
141,Interior
142,Interior
143,Interior
144,Surface
145,Interior
146,Interior
147,Surface
148,Surface
149,Interior
150,Interior
151,Surface
152,Interior
153,Interior
154,Interior
155,Interior
156,Interface
157,Interface
158,Interface
159,Active Site
160,Interface
161,Interface
162,Interface
163,Interface
164,Interface
165,Interface
166,Interface
167,Interior
168,Interior
169,Interior
170,Interface
171,Interface
172,Interior
173,Interface
174,Interface
175,Interior
176,Interior
177,Interface
178,Interface
179,Interior
180,Interior
181,Interface
182,Interface
183,Interior
184,Interface
185,Interface
186,Interior
187,Surface
188,Interface
189,Interior
190,Interior
191,Surface
192,Surface
193,Interior
194,Interface
195,Interior
196,Interface
197,Interior
198,Interface
199,Interface
200,Interface
201,Interface
202,Interface
203,Interface
204,Interface
205,Interface
206,Interface
207,Interface
208,Interface
209,Interface
210,Interface
211,Interior
212,Interior
213,Surface
214,Surface
215,Surface
216,Interface
217,Surface
218,Surface
219,Interface
220,Interface
221,Surface
222,Interior
223,Interface
224,Surface
225,Interior
226,Interior
227,Interior
228,Surface
229,Surface
230,Interior
231,Surface
232,Interior
233,Surface
234,Interface
235,Interface
236,Interface
237,Interface
238,Interface
239,Interface
240,Interface
241,Active Site
242,Interior
243,Interior
244,Interface
245,Interior
246,Interface
247,Interface
248,Interior
249,Interface
250,Interface
251,Interior
252,Interior
253,Interface
254,Interior
255,Interior
256,Interface
257,Interface
258,Interior
259,Interior
260,Interface
261,Interface
262,Interior
263,Interface
264,Interface
265,Interior
266,Interior
267,Interface
268,Interface
269,Interior
270,Interface
271,Interface
272,Interface
273,Interface
274,Interface
275,Interface
276,Interface
277,Interior
278,Interior
279,Interface
280,Interior
281,Interior
282,Surface
283,Interface
284,Surface
285,Surface
286,Interface
287,Surface
288,Surface
289,Active Site
290,Interface
291,Interface
292,Interface
293,Interface
294,Interface
295,Interface
296,Interface
297,Interface
298,Interface
299,Interface
300,Interior
301,Interior
302,Interface
303,Active Site
304,Interior
305,Interface
306,Interface
307,Interface
308,Interior
309,Interface
310,Interface
311,Interior
312,Interface
313,Interface
314,Interface
315,Interface
316,Interface
317,Interface
318,Interior
319,Interface
320,Interface
321,Interface
322,Interface
323,Interface
324,Interface
325,Interface
326,Interface
327,Interface
328,Interface
329,Active Site
330,Interface
331,Interface
332,Interface
333,Interior
334,Active Site
335,Interface
336,Interface
337,Interface
338,Active Site
339,Interface
340,Interior
341,Interface
342,Interface
343,Interface
344,Interior
345,Interior
346,Interface
347,Interface
348,Interior
349,Interior
350,Interior
351,Interior
352,Interior
353,Surface
354,Interior
355,Interior
356,Interior
357,Surface
358,Interior
359,Interior
360,Interior
361,Surface
362,Interior
363,Interior
364,Interior
365,Interface
366,Surface
367,Interface
368,Interface
369,Interior
370,Surface
371,Interface
372,Surface
373,Interior
374,Interface
375,Interface
376,Interface
377,Interior
378,Interior
379,Interface
380,Interior
381,Interior
382,Interior
383,Interface
384,Interface
385,Interior
386,Interior
387,Interface
388,Interior
389,Interior
390,Surface
391,Surface
392,Surface
393,Surface
394,Surface
395,Surface
396,Surface
397,Surface
398,Surface
399,Interior
400,Surface
401,Surface
402,Surface
403,Interior
404,Surface
405,Surface
406,Interior
407,Interface
408,Surface
409,Surface
410,Interior
411,Interface
412,Surface
413,Interior
414,Interface
415,Interface
416,Interface
417,Interface
418,Interface
419,Interface
420,Interface
421,Interior
422,Interior
423,Interior
424,Interior
425,Surface
426,Surface
427,Interior
428,Surface
429,Surface
430,Surface
431,Surface
432,Surface
433,Interior
434,Surface
435,Surface
436,Interior
437,Surface
438,Surface
439,Surface
440,Interior
441,Surface
442,Surface
443,Interior
444,Interior
445,Surface
446,Surface
447,Interface
448,Interface
449,Interface
450,Interface
451,Interface
452,Interface
453,Interface
454,Interface
455,Interface
456,Interface
457,Interior
458,Surface
459,Interface
460,Interface
461,Interior
462,Surface
463,Interface
464,Interface
465,Interior
466,Surface
467,Surface
468,Interior
469,Interior
470,Surface
471,Surface
472,Interior
473,Surface
474,Surface
475,Surface
476,Interior
477,Surface
478,Surface
479,Surface
480,Interior
481,Surface
482,Interface
483,Interface
484,Interface
